rank,channel_info,influence_score,posts,followers,avg_likes,60_day_eng_rate,new_post_avg_like,total_likes,country
1,cristiano,92,3.3,475.8,8.7,1.39,6.5,29.0,Spain
2,kyliejenner,91,6.9,366.2,8.3,1.62,5.9,57.4,United States
3,leomessi,90,0.89,357.3,6.8,1.24,4.4,6.0,Argentina
4,selenagomez,93,1.8,342.7,6.2,0.97,3.3,11.5,United States
5,therock,91,6.8,334.1,1.9,0.20,665.3,12.5,United States
6,kimkardashian,91,5.6,329.2,3.5,0.88,2.9,19.9,United States
7,arianagrande,92,5.0,327.7,3.7,1.20,3.9,18.4,United States
8,Beyonce,92,2.0,272.8,3.6,0.76,2.0,7.4,United States
9,khloekardashian,89,4.1,268.3,2.4,0.35,926.9,9.8,United States
10,justinbieber,91,7.4,254.5,1.9,0.59,1.5,13.9,Canada
11,kendalljenner,90,0.66,254.0,5.5,2.04,5.1,3.7,United States
12,natgeo,91,10.0,237.0,302.2,0.07,159.3,3.0,United States
13,nike,90,0.95,234.1,329.0,0.08,181.8,313.6,United States
14,taylorswift,91,0.53,222.2,2.4,1.01,2.3,1.3,United States
15,jloo,89,3.2,220.4,1.7,0.62,1.4,5.3,United States
16,virat.kohli,87,1.4,211.8,3.5,0.96,2.0,4.9,India
17,nickiminaj,90,6.4,201.6,2.1,0.53,1.0,13.5,United States
18,kourtneykardash,89,4.4,195.2,1.8,0.67,1.3,7.7,United States
19,mileycyrus,89,1.2,181.5,1.3,0.51,913.6,1.6,United States
20,neymarjr,90,5.3,177.1,2.7,1.09,1.9,14.1,Brazil
21,katyperry,92,2.0,170.3,715.0,0.16,265.1,1.5,United States
22,kevinhart4real,88,8.2,152.0,522.0,0.08,115.2,4.3,United States
23,zendaya,87,3.5,150.7,5.8,3.17,4.8,20.6,United States
24,iamcardib,75,1.6,140.5,3.1,1.10,1.5,5.0,United States
25,ddlovato,88,0.08,139.1,1.1,0.27,363.4,91.3,United States
26,badgalriri,88,4.8,135.3,3.7,0.02,0,17.9,United States
27,kingjames,86,2.3,130.9,2.1,0.92,1.2,4.9,United States
28,theellenshow,87,10.0,125.1,420.5,0.07,81.7,4.2,United States
29,realmadrid,90,6.9,123.4,996.2,0.48,588.3,6.8,Spain
30,champagnepapi,85,5.2,119.6,1.7,1.10,1.3,9.0,Netherlands
31,chrisbrownofficial,86,7.3,118.5,463.2,0.22,255.9,3.4,United States
32,fcbarcelona,90,10.0,111.4,1.2,0.64,706.3,11.6,Spain
33,billieeilish,73,0.69,105.2,8.5,5.02,5.2,5.9,United States
34,dualipa,74,1.3,85.9,2.1,1.26,1.1,2.6,United Kingdom
35,gal_gadot,85,1.7,85.6,1.4,0.69,586.5,2.3,United States
36,vindiesel,88,1.8,82.3,1.4,0.60,482.3,2.5,United States
37,nasa,88,3.6,81.3,1.2,1.53,1.2,4.2,United States
38,priyankachopra,85,3.6,81.1,1.6,1.00,802.9,5.6,United States
39,lalalalisa_m,70,0.87,80.9,5.8,9.00,7.2,5.1,South Korea
40,Shakira,88,2.0,76.1,975.1,0.41,304.7,1.9,Colombia
41,snoopdogg,86,10.0,75.3,203.7,0.17,125.8,2.0,United States
42,gigihadid,85,3.3,75.3,2.5,2.56,1.9,8.2,United States
43,davidbeckham,86,1.5,74.9,1.2,0.46,340.9,1.9,United States
44,shraddhakapoor,81,1.9,73.9,1.6,1.17,859.9,3.0,India
45,victoriassecret,88,2.9,73.2,147.0,0.04,29.8,423.5,United States
46,k.mbappe,86,1.2,72.7,2.5,2.16,1.6,2.8,France
47,nehakakkar,84,2.3,70.4,1.5,0.54,370.1,3.5,India
48,nba,87,12.9,70.1,370.8,0.28,196.9,4.8,United States
49,shawnmendes,83,2.5,69.9,3.5,2.87,2.0,8.8,Canada
50,jennierubyjane,76,0.86,68.9,5.1,8.36,5.7,4.4,South Korea
51,narendramodi,85,0.54,68.9,2.9,3.01,2.0,1.6,India
52,aliaabhatt,82,1.8,68.7,1.8,3.14,2.1,3.3,India
53,deepikapadukone,83,0.26,68.4,1.6,2.23,1.5,419.0,India
54,tomholland2013,77,1.2,67.7,5.4,10.83,7.3,6.6,United Kingdom
55,ronaldinho,78,2.9,67.7,872.9,0.49,325.7,2.6,Brazil
56,emmawatson,87,0.34,67.3,1.9,0.01,0,639.0,United States
57,bts.bighitofficial,78,1.2,66.9,4.1,5.40,3.6,4.9,Uruguay
58,katrinaaif,85,1.0,66.3,1.7,2.25,1.5,1.7,India
59,marvel,82,7.0,66.2,332.3,0.51,339.0,2.3,Turkey
60,justintimberlake,87,0.78,65.9,600.4,0.30,189.4,470.7,United States
61,camila_cabello,77,2.9,65.0,1.9,2.19,1.4,5.4,United States
62,willsmith,82,1.4,63.9,1.4,0.02,0,1.9,United States
63,raffinagita1717,83,17.5,63.5,386.9,0.58,366.6,6.8,Indonesia
64,anitta,82,5.1,63.1,855.5,0.69,426.2,4.4,United States
65,sooyaaa__,82,0.83,62.9,4.5,9.43,5.9,3.8,South Korea
66,maluma,84,8.2,62.8,1.2,1.12,696.3,9.8,Colombia
67,akshaykumar,85,1.9,62.8,1.5,1.01,624.9,2.9,India
68,jacquelinef143,85,2.4,62.7,1.1,1.15,718.8,2.8,India
69,psg,86,10.0,61.9,500.5,0.52,322.2,5.0,France
70,roses_are_rosie,82,0.82,61.8,4.6,9.72,6.0,3.8,New Zeland
71,manchesterunited,85,9.9,59.6,381.8,0.41,241.6,3.8,United Kingdom
72,anushkasharma,85,1.2,59.5,1.9,2.34,1.4,2.2,India
73,whinderssonnunes,79,2.7,58.7,1.6,0.58,323.1,4.4,Brazil
74,9gag,86,10.0,58.1,672.6,0.44,248.6,6.7,United States
75,marcelotwelve,86,2.7,58.1,690.9,0.78,448.3,1.9,Brazil
76,milliebobbybrown,80,0.28,57.6,4.0,8.63,5.0,1.1,United States
77,karimbenzema,42,2.0,56.9,878.5,1.62,918.9,1.8,Spain
78,chrishemsworth,86,0.88,55.9,2.8,3.69,2.1,2.5,Australia
79,karolg,83,3.3,55.6,3.1,10.25,5.7,10.1,India
80,paulpogba,80,1.3,55.2,1.4,0.85,462.6,1.8,France
81,iamzlatanibrahimovic,86,0.87,55.1,1.5,1.53,837.1,1.3,Sweden
82,leonardodicaprio,86,1.7,54.6,395.5,0.20,107.6,669.3,United States
83,juventus,87,10.0,54.5,194.8,0.25,135.5,1.9,Italy
84,zacefron,86,0.66,54.5,2.3,8.18,4.4,1.5,United States
85,bellahadid,79,3.2,54.1,1.1,2.06,1.1,3.6,United Kingdom
86,tatawerneck,86,5.6,53.9,959.8,0.51,266.5,5.4,Brazil
87,beingsalmanhan,76,1.2,53.5,1.4,1.33,693.9,1.6,India
88,robertdowneyjr,86,0.42,53.4,3.0,2.05,1.1,1.3,United States
89,sunnyleone,84,4.6,53.4,764.0,0.57,301.3,3.5,Canada
90,ladygaga,83,3.6,53.2,1.4,1.02,531.6,5.1,United States
91,dishapatani,74,2.1,53.0,1.6,1.85,971.7,3.4,United States
92,sergioramos,87,2.2,52.8,1.1,1.06,557.9,2.5,Spain
93,jbalvin,87,10.0,52.8,878.0,0.66,340.5,8.8,Colombia
94,mosalah,22,0.84,52.5,1.8,2.18,1.1,1.5,Egypt
95,ayutingting92,85,10.0,52.4,147.3,0.11,56.3,1.5,Indonesia
96,433,79,10.3,51.2,863.2,1.52,774.2,8.9,Netherlands
97,hudabeauty,82,2.4,50.8,186.4,0.04,16.8,453.6,United States
98,adele,84,0.42,50.7,4.7,3.82,1.9,2.0,United States
99,michelleobama,85,0.60,50.7,700.5,1.22,611.2,421.7,United States
100,kritisanon,76,2.7,50.2,897.2,1.21,604.4,2.4,India
101,jamesrodriguez10,86,1.1,49.9,1.4,0.75,363.9,1.5,Colombia
102,krisjenner,80,6.4,49.7,356.8,0.91,452.9,2.3,United States
103,thv,83,0.06,49.3,15.4,25.80,12.6,987.4,South Korea
104,lelepons,81,2.5,49.2,2.4,3.55,1.7,6.1,United States
105,charlidamelio,80,0.15,49.1,4.2,3.28,1.6,654.4,United States
106,gucci,86,8.9,49.0,115.1,0.15,72.4,1.0,Italy
107,prillylatuconsina96,84,6.5,48.9,372.4,0.27,131.8,2.4,Indonesia
108,louisvuitton,82,6.5,48.7,127.5,0.08,40.5,824.0,France
109,paulodybala,85,1.3,48.3,1.8,2.88,1.4,2.3,Argentina
110,blackpinkofficial,85,1.4,48.2,2.1,2.77,1.3,3.0,South Korea
111,dovecameron,85,0.17,48.2,1.6,1.75,841.4,283.0,United States
112,garethbale11,86,0.98,48.1,763.0,1.43,681.3,753.1,Galles
113,jokowi,85,3.5,47.7,452.6,0.41,189.6,1.6,Indonesia
114,nusr_et,81,2.3,47.3,728.2,0.29,133.0,1.7,United Arab Emirates
115,harrystyles,57,0.59,46.9,4.7,6.38,2.9,2.8,United States
116,haileybieber,85,2.1,46.9,2.0,3.47,1.6,4.2,United States
117,vanessahudgens,84,4.2,46.8,633.9,0.63,292.9,2.7,United States
118,5-Minute Crafts GIRLY,85,10.0,46.5,157.0,0.03,12.4,1.6,United States
119,zayn,82,0.16,46.5,4.7,8.81,4.0,773.5,United States
120,larissamanoela,85,5.2,46.5,579.6,0.57,259.4,3.0,Brazil
121,travisscott,78,3.2,46.2,3.0,5.71,2.6,9.6,United States
122,thenotoriousmma,82,3.2,45.9,1.1,0.69,311.5,3.5,United States
123,daddyyankee,80,0.02,45.9,652.5,1.00,455.3,18.3,Puerto Rico
124,natgeotravel,82,16.9,45.8,189.9,0.12,52.8,3.2,United States
125,nikefootball,85,1.8,45.4,431.2,0.44,199.8,784.0,United States
126,stephencurry30,84,1.1,45.4,1.1,2.76,1.2,1.2,United States
127,vancityreynolds,86,0.68,44.8,1.4,2.61,1.2,925.7,Canada
128,maisa,42,1.5,44.5,553.0,0.67,294.1,820.1,Brazil
129,luissuarez9,85,0.97,44.2,801.8,0.96,414.8,782.5,Uruguay
130,gusttavolima,76,4.9,43.9,475.1,0.71,303.9,2.3,Brazil
131,jannatzubair29,84,1.6,43.8,1.3,2.18,944.3,2.2,India
132,varundvn,84,1.9,43.8,1.1,1.48,640.5,2.0,India
133,hrithikroshan,85,0.58,43.7,1.6,3.82,1.6,949.9,CÌ«te d'Ivoire
134,nickyjampr,81,10.0,43.4,381.6,0.33,139.3,3.8,Colombia
135,uzzfeedtasty,85,8.9,43.2,65.1,0.02,7.7,580.7,Spain
136,brunamarquezine,84,3.0,43.1,969.7,1.05,444.2,2.9,United States
137,caradelevingne,86,4.4,42.9,790.2,0.43,181.0,3.5,United States
138,kapilsharma,83,0.95,42.2,736.4,1.49,624.5,710.7,India
139,badbunnypr,83,0.01,42.1,3.7,13.09,5.4,67.5,Puerto Rico
140,britneyspears,80,3.0,42.1,513.1,0.55,221.7,1.6,Turkey
141,j.m,83,0.02,41.9,14.2,26.41,11.0,368.1,South Korea
142,mariliamendoncacantora,73,1.4,41.8,1.0,1.98,818.6,1.5,Brazil
143,norafatehi,83,1.7,41.6,1.4,1.76,727.5,2.3,Anguilla
144,theweeknd,83,0.67,41.5,1.1,3.97,1.6,767.0,Canada
145,dior,85,9.7,41.5,88.8,0.16,63.6,863.0,France
146,ranveersingh,85,1.8,40.8,1.0,0.76,299.3,1.8,Switzerland
147,marinaruybarbosa,81,2.1,40.7,586.4,0.01,0,1.2,Brazil
148,jenniferaniston,85,0.09,40.7,4.6,1.88,731.0,452.0,United States
149,addisonraee,85,0.30,40.1,3.1,2.49,994.4,957.9,United States
150,andresiniesta8,85,2.0,40.0,250.8,0.41,161.7,500.5,Spain
151,princessyahrini,81,4.5,40.0,118.3,0.22,87.4,529.9,Indonesia
152,liverpoolfc,75,10.0,39.9,346.7,0.42,162.9,3.5,United Kingdom
153,teddysphotos,80,2.3,39.9,715.5,0.46,181.1,1.7,United States
154,worldstar,78,11.6,39.2,157.4,0.23,84.4,1.8,United States
155,natashawilona12,84,1.2,39.2,486.5,0.59,227.7,563.9,Indonesia
156,mahi7781,58,0.10,39.1,4.1,0.17,0,439.4,India
157,georginagio,74,0.73,39.1,2.2,8.56,3.3,1.6,Spain
158,cznurak,80,1.8,39.0,815.8,1.01,383.3,1.4,Turkey
159,chrissyteigen,79,5.1,38.9,623.1,0.43,162.1,3.2,United States
160,ruben_onsu,75,13.4,38.8,139.3,0.13,49.1,1.9,Indonesia
161,wizkhalifa,80,0.50,38.7,398.7,0.31,115.7,199.8,United States
162,hm,83,7.3,38.5,88.4,0.06,22.4,644.1,Sweden
163,anushkasen0408,85,5.3,38.3,695.4,1.75,658.3,3.7,India
164,prattprattpratt,84,0.73,38.3,813.5,1.00,363.8,594.7,United States
165,marvelstudios,83,2.7,38.1,594.2,1.58,555.9,1.6,United States
166,wesleysafadao,80,8.9,37.4,256.1,0.02,0,2.3,Brazil
167,parineetichopra,84,1.3,37.4,505.7,0.68,246.9,672.1,India
168,rkive,83,0.11,37.0,10.9,NaN,0,1.2,South Korea
169,laudyacynthiabella,76,0.38,36.9,172.8,0.12,43.4,66.7,Indonesia
170,antogriezmann,83,0.87,36.5,1.1,0.57,203.6,955.4,France
171,gisel_la,85,9.9,36.5,150.5,0.10,33.4,1.5,Indonesia
172,eminem,84,0.66,36.4,1.1,2.69,962.7,730.1,United States
173,mercedesbenz,77,10.0,36.0,197.9,0.18,64.6,2.0,British Virgin Islands
174,colesprouse,81,1.2,35.9,2.2,2.34,834.5,2.6,United States
175,nattinatasha,47,0.03,35.9,518.1,0.80,285.9,18.7,Czech Repulic
176,shahidkapoor,82,1.1,35.6,1.3,2.54,780.0,1.5,India
177,tigerjackieshroff,83,2.1,35.6,1.1,1.20,422.9,2.2,India
178,kimberly.loaiza,78,0.59,35.5,2.6,5.23,1.8,1.6,Mexico
179,barackobama,81,0.66,35.4,1.1,1.19,411.5,739.5,United States
180,sachintendulkar,76,1.0,35.3,800.4,2.03,664.5,810.0,India
181,simonemendes,72,4.4,35.0,420.0,0.65,222.9,1.9,Brazil
182,ivetesangalo,84,7.6,34.8,226.4,0.36,121.1,1.7,Brazil
183,lunamaya,83,4.1,34.8,145.4,0.17,58.6,589.6,Austria
184,toni.r8s,83,0.94,34.7,597.2,1.68,533.5,561.3,Germany
185,dannapaola,68,1.9,34.7,1.5,3.49,1.2,2.8,Mexico
186,paollaoliveirareal,84,4.6,34.7,367.8,0.57,192.3,1.7,Brazil
187,blakelively,80,0.11,34.6,3.1,0.02,0,350.9,United States
188,adidasoriginals,83,0.15,34.2,136.2,0.20,66.8,21.2,Germany
189,disney,77,7.3,34.2,185.2,0.44,132.0,1.4,United States
190,shaymitchell,83,6.3,34.1,732.4,0.73,247.5,4.6,United States
191,bmw,79,9.3,33.7,231.3,0.23,76.5,2.2,Germany
192,danmilzerian,84,1.4,33.6,2.0,3.58,1.2,2.8,Canada
193,khabib_nurmagomedov,63,4.5,33.5,685.1,0.67,220.7,3.1,Russia
194,zidane,41,0.37,33.5,1.1,1.61,532.7,391.9,France
195,sonamkapoor,75,4.8,33.3,264.7,0.63,209.2,1.3,India
196,iambeckyg,71,2.3,33.2,623.8,1.40,464.7,1.4,United States
197,nancyajram,81,3.8,33.2,390.4,0.64,208.0,1.5,France
198,luansantana,79,0.77,33.2,193.3,0.26,82.6,149.2,Brazil
199,nickjonas,78,2.3,33.0,719.6,1.42,467.7,1.7,United States
200,raisa6690,80,4.2,32.8,232.2,0.30,97.4,969.1,Indonesia
